feature,coefficient,response,taxon_label,r2,adjusted_r2
z_temp_mean,20.0240190802431,fly_count,Fly,0.16424581085864465,0.037616388261469624
z_aqi_mean,-5.202217962758784,fly_count,Fly,0.16424581085864465,0.037616388261469624
z_year,10.371203656425353,fly_count,Fly,0.16424581085864465,0.037616388261469624
season_Season 2 (May–Aug),-10.124914382821553,fly_count,Fly,0.16424581085864465,0.037616388261469624
season_Season 3 (Sep–Dec),7.345493553325464,fly_count,Fly,0.16424581085864465,0.037616388261469624
intercept,28.889688681277885,fly_count,Fly,0.16424581085864465,0.037616388261469624
