feature,coefficient,response,taxon_label,r2,adjusted_r2
z_temp_mean,3.114595391087973,spider_count,Spider,0.19360938622210766,0.07841072711098018
z_aqi_mean,-2.9096167948793976,spider_count,Spider,0.19360938622210766,0.07841072711098018
z_year,4.597829651393352,spider_count,Spider,0.19360938622210766,0.07841072711098018
season_Season 2 (May-Aug),4.842289626053319,spider_count,Spider,0.19360938622210766,0.07841072711098018
season_Season 3 (Sep-Dec),-5.043333919835803,spider_count,Spider,0.19360938622210766,0.07841072711098018
intercept,10.429345658114059,spider_count,Spider,0.19360938622210766,0.07841072711098018
